{
  "commit": "259caf1f2bcf7b8f4f027eaba65e70edd0f7978b",
  "failed_runs": [],
  "interpretation": "Descriptive P1 baseline only; no brain-inspired model comparison.",
  "runs": [
    {
      "latency_ms": {
        "batch_size": 1,
        "device": "mps:0",
        "dtype": "torch.float32",
        "p50": 2.396500000031665,
        "p95": 2.656254349676601,
        "samples": 50,
        "sequence_length": 11,
        "sequences_per_second": 417.2751929842633,
        "warmup": 10
      },
      "mac_coverage": 1.0,
      "macs_per_sequence": 1111040,
      "ood": {
        "interference_drop": null,
        "interference_high_accuracy": 0.06982421875,
        "interference_low_accuracy": null,
        "query_accuracy": 0.06982421875,
        "sample_count": 2048
      },
      "parameters": 112032,
      "peak_memory_bytes": 3564032,
      "run_id": "associative_recall-v1-gru-s17-20260715T104305Z",
      "seed": 17,
      "steps": 5000,
      "test": {
        "interference_drop": 0.00998823271305771,
        "interference_high_accuracy": 0.1580246913580247,
        "interference_low_accuracy": 0.1680129240710824,
        "query_accuracy": 0.1640625,
        "sample_count": 2048
      },
      "training_examples": 320000,
      "training_tokens": 2876730,
      "wall_clock_seconds": 721.4529112079981
    },
    {
      "latency_ms": {
        "batch_size": 1,
        "device": "mps:0",
        "dtype": "torch.float32",
        "p50": 2.31424999947194,
        "p95": 2.6694142497944995,
        "samples": 50,
        "sequence_length": 11,
        "sequences_per_second": 432.10543382442586,
        "warmup": 10
      },
      "mac_coverage": 1.0,
      "macs_per_sequence": 1111040,
      "ood": {
        "interference_drop": null,
        "interference_high_accuracy": 0.06005859375,
        "interference_low_accuracy": null,
        "query_accuracy": 0.06005859375,
        "sample_count": 2048
      },
      "parameters": 112032,
      "peak_memory_bytes": 3564032,
      "run_id": "associative_recall-v1-gru-s29-20260715T105525Z",
      "seed": 29,
      "steps": 3400,
      "test": {
        "interference_drop": 0.014027004926304876,
        "interference_high_accuracy": 0.1580246913580247,
        "interference_low_accuracy": 0.17205169628432956,
        "query_accuracy": 0.16650390625,
        "sample_count": 2048
      },
      "training_examples": 217600,
      "training_tokens": 1956048,
      "wall_clock_seconds": 443.5484904170007
    },
    {
      "latency_ms": {
        "batch_size": 1,
        "device": "mps:0",
        "dtype": "torch.float32",
        "p50": 2.3295630016946234,
        "p95": 2.572612501171534,
        "samples": 50,
        "sequence_length": 11,
        "sequences_per_second": 429.2650592718709,
        "warmup": 10
      },
      "mac_coverage": 1.0,
      "macs_per_sequence": 1111040,
      "ood": {
        "interference_drop": null,
        "interference_high_accuracy": 0.080078125,
        "interference_low_accuracy": null,
        "query_accuracy": 0.080078125,
        "sample_count": 2048
      },
      "parameters": 112032,
      "peak_memory_bytes": 3564032,
      "run_id": "associative_recall-v1-gru-s43-20260715T110304Z",
      "seed": 43,
      "steps": 4800,
      "test": {
        "interference_drop": -0.0019306328407028561,
        "interference_high_accuracy": 0.16913580246913582,
        "interference_low_accuracy": 0.16720516962843296,
        "query_accuracy": 0.16796875,
        "sample_count": 2048
      },
      "training_examples": 307200,
      "training_tokens": 2761505,
      "wall_clock_seconds": 608.6162302079974
    }
  ],
  "schema_version": "p1-baseline-report-v1",
  "seeds": [
    17,
    29,
    43
  ],
  "splits": {
    "ood": {
      "interference_accuracy": {
        "high": {
          "confidence": 0.95,
          "estimate": 0.06998697916666667,
          "lower": 0.059244791666666664,
          "samples": 10000,
          "upper": 0.08154296875
        }
      },
      "interference_drop": null,
      "interference_drop_unavailable_reason": "low and high interference strata are not both present",
      "query_accuracy": {
        "confidence": 0.95,
        "estimate": 0.06998697916666667,
        "lower": 0.059244791666666664,
        "samples": 10000,
        "upper": 0.08138020833333333
      },
      "sample_count": 6144,
      "seed_median": 0.06982421875
    },
    "test": {
      "interference_accuracy": {
        "high": {
          "confidence": 0.95,
          "estimate": 0.1617283950617284,
          "lower": 0.14650205761316873,
          "samples": 10000,
          "upper": 0.17736625514403292
        },
        "low": {
          "confidence": 0.95,
          "estimate": 0.169089929994615,
          "lower": 0.15724286483575659,
          "samples": 10000,
          "upper": 0.18147549811523964
        }
      },
      "interference_drop": {
        "confidence": 0.95,
        "estimate": 0.0073615349328865765,
        "lower": -0.013265505228797263,
        "samples": 10000,
        "upper": 0.02670775244819402
      },
      "interference_drop_unavailable_reason": null,
      "query_accuracy": {
        "confidence": 0.95,
        "estimate": 0.16617838541666666,
        "lower": 0.15690104166666666,
        "samples": 10000,
        "upper": 0.17561848958333334
      },
      "sample_count": 6144,
      "seed_median": 0.16650390625
    }
  },
  "statistics": {
    "confidence": 0.95,
    "method": "hierarchical seed-to-stratum/sample percentile bootstrap",
    "multiple_comparisons": "Holm N/A: one descriptive baseline, no model comparisons",
    "samples": 10000,
    "seed": 20260715
  }
}
